data,dia,rede,hora,post,pasta
10/10/2026,sáb,Instagram,10h,Carrossel · cClassTrib,instagram/10-10_carrossel_cclasstrib
10/10/2026,sáb,TikTok,10h,Série · Coisas que só quem trabalha em escritório contábil entende (pt. 2),tiktok/10-10_10h_coisas_que_so_quem_trabalha_em_escritori
10/10/2026,sáb,TikTok,15h,Reforma em 30 segundos #1,tiktok/10-10_15h_reforma_em_30_segundos_1
10/10/2026,sáb,TikTok,20h,Fim de semana de contador,tiktok/10-10_20h_fim_de_semana_de_contador
11/10/2026,dom,Instagram,18h,Estático · frase da semana,instagram/11-10_estatico_atendimento
11/10/2026,dom,TikTok,10h,Ferramentas que eu indicaria (indicação #1) (carrossel de fotos),tiktok/11-10_10h_ferramentas_que_eu_indicaria_indicacao_1
11/10/2026,dom,TikTok,15h,Tipos de cliente #1,tiktok/11-10_15h_tipos_de_cliente_1
11/10/2026,dom,TikTok,20h,Domingo à noite,tiktok/11-10_20h_domingo_a_noite
12/10/2026,seg,Instagram,10h,Estático · feriado,instagram/12-10_estatico_feriado_robo
12/10/2026,seg,TikTok,10h,Feriado,tiktok/12-10_10h_feriado
12/10/2026,seg,TikTok,15h,Glossário relâmpago #1 (carrossel de fotos),tiktok/12-10_15h_glossario_relampago_1
12/10/2026,seg,TikTok,20h,Bastidores do robô #1,tiktok/12-10_20h_bastidores_do_robo_1
13/10/2026,ter,Instagram,18h30,Reels · ache qualquer nota em 3 segundos,instagram/13-10_reels_ache_qualquer_nota
13/10/2026,ter,TikTok,07h30,Reforma em 30 segundos #2,tiktok/13-10_07h30_reforma_em_30_segundos_2
13/10/2026,ter,TikTok,12h15,Cliente diz vs contador entende #1,tiktok/13-10_12h15_cliente_diz_vs_contador_entende_1
13/10/2026,ter,TikTok,19h30,Um dia no escritório #1 (vlog),tiktok/13-10_19h30_um_dia_no_escritorio_1_vlog
14/10/2026,qua,Instagram,8h,Carrossel · semana do dia 20,instagram/14-10_carrossel_semana_do_dia_20
14/10/2026,qua,TikTok,07h30,Prazo da semana,tiktok/14-10_07h30_prazo_da_semana
14/10/2026,qua,TikTok,12h15,POV #1,tiktok/14-10_12h15_pov_1
14/10/2026,qua,TikTok,19h30,Respondendo comentários #1,tiktok/14-10_19h30_respondendo_comentarios_1
15/10/2026,qui,Instagram,12h,Carrossel · cancelada x substituída,instagram/15-10_carrossel_cancelada_vs_substituida
15/10/2026,qui,TikTok,07h30,Glossário relâmpago #2,tiktok/15-10_07h30_glossario_relampago_2
15/10/2026,qui,TikTok,12h15,Série · Coisas que só... (pt. 3) (carrossel de fotos),tiktok/15-10_12h15_coisas_que_so_pt_3
15/10/2026,qui,TikTok,19h30,Bastidores do robô #2,tiktok/15-10_19h30_bastidores_do_robo_2
16/10/2026,sex,Instagram,12h,Reels · IBS e CBS: o cliente vai pagar mais?,instagram/16-10_reels_cliente_vai_pagar_mais
16/10/2026,sex,TikTok,07h30,Reforma em 30 segundos #3,tiktok/16-10_07h30_reforma_em_30_segundos_3
16/10/2026,sex,TikTok,12h15,Tipos de cliente #2,tiktok/16-10_12h15_tipos_de_cliente_2
16/10/2026,sex,TikTok,19h30,Opinião / debate #1,tiktok/16-10_19h30_opiniao_debate_1
17/10/2026,sáb,Instagram,10h,Carrossel · fontes oficiais (indicação),instagram/17-10_carrossel_fontes_oficiais
17/10/2026,sáb,TikTok,10h,Série · Coisas que só... (pt. 4),tiktok/17-10_10h_coisas_que_so_pt_4
17/10/2026,sáb,TikTok,15h,Um dia no escritório #2 (sábado),tiktok/17-10_15h_um_dia_no_escritorio_2_sabado
17/10/2026,sáb,TikTok,20h,Trend #1,tiktok/17-10_20h_trend_1
18/10/2026,dom,Instagram,18h,Estático · domingo antes do dia 20,instagram/18-10_estatico_domingo_antes_do_dia_20
18/10/2026,dom,TikTok,10h,Ferramentas que eu indicaria #2,tiktok/18-10_10h_ferramentas_que_eu_indicaria_2
18/10/2026,dom,TikTok,15h,Tipos de cliente #3,tiktok/18-10_15h_tipos_de_cliente_3
18/10/2026,dom,TikTok,20h,Véspera do dia 20,tiktok/18-10_20h_vespera_do_dia_20
19/10/2026,seg,Instagram,18h30,Reels · um dia no escritório,instagram/19-10_reels_um_dia_no_escritorio
19/10/2026,seg,TikTok,07h30,Prazo da semana,tiktok/19-10_07h30_prazo_da_semana
19/10/2026,seg,TikTok,12h15,POV #2,tiktok/19-10_12h15_pov_2
19/10/2026,seg,TikTok,19h30,Bastidores do robô #3,tiktok/19-10_19h30_bastidores_do_robo_3
20/10/2026,ter,Instagram,7h30,Estático · hoje é dia 20,instagram/20-10_estatico_hoje_e_dia_20
20/10/2026,ter,TikTok,07h30,Dia 20,tiktok/20-10_07h30_dia_20
20/10/2026,ter,TikTok,12h15,Cliente diz vs contador entende #2,tiktok/20-10_12h15_cliente_diz_vs_contador_entende_2
20/10/2026,ter,TikTok,19h30,Fim do dia 20,tiktok/20-10_19h30_fim_do_dia_20
21/10/2026,qua,Instagram,12h,Carrossel · NFS-e padrão nacional,instagram/21-10_carrossel_nfse_padrao_nacional
21/10/2026,qua,TikTok,07h30,Reforma em 30 segundos #4,tiktok/21-10_07h30_reforma_em_30_segundos_4
21/10/2026,qua,TikTok,12h15,Série · Coisas que só... (pt. 5) (carrossel de fotos),tiktok/21-10_12h15_coisas_que_so_pt_5
21/10/2026,qua,TikTok,19h30,Um dia no escritório #3,tiktok/21-10_19h30_um_dia_no_escritorio_3
22/10/2026,qui,Instagram,12h,Reels · Simples Nacional em 2027,instagram/22-10_reels_simples_2027
22/10/2026,qui,TikTok,07h30,Glossário relâmpago #3,tiktok/22-10_07h30_glossario_relampago_3
22/10/2026,qui,TikTok,12h15,POV #3,tiktok/22-10_12h15_pov_3
22/10/2026,qui,TikTok,19h30,Respondendo comentários #2,tiktok/22-10_19h30_respondendo_comentarios_2
23/10/2026,sex,Instagram,12h,"Carrossel · série ""coisas que só quem trabalha em escritório contábil entende""",instagram/23-10_carrossel_coisas_que_so_quem_trabalha
23/10/2026,sex,TikTok,07h30,Reforma em 30 segundos #5,tiktok/23-10_07h30_reforma_em_30_segundos_5
23/10/2026,sex,TikTok,12h15,Tipos de cliente #4,tiktok/23-10_12h15_tipos_de_cliente_4
23/10/2026,sex,TikTok,19h30,Sextou no escritório,tiktok/23-10_19h30_sextou_no_escritorio
24/10/2026,sáb,Instagram,10h,Estático · mito x verdade,instagram/24-10_estatico_mito_automacao
24/10/2026,sáb,TikTok,10h,Série · Coisas que só... (pt. 6),tiktok/24-10_10h_coisas_que_so_pt_6
24/10/2026,sáb,TikTok,15h,Ferramentas que eu indicaria #3 (carrossel de fotos),tiktok/24-10_15h_ferramentas_que_eu_indicaria_3
24/10/2026,sáb,TikTok,20h,Trend #2,tiktok/24-10_20h_trend_2
25/10/2026,dom,Instagram,18h,Carrossel · 13º salário,instagram/25-10_carrossel_13_salario_datas
25/10/2026,dom,TikTok,10h,Departamento pessoal #1,tiktok/25-10_10h_departamento_pessoal_1
25/10/2026,dom,TikTok,15h,Tipos de cliente #5,tiktok/25-10_15h_tipos_de_cliente_5
25/10/2026,dom,TikTok,20h,Bastidores do robô #4,tiktok/25-10_20h_bastidores_do_robo_4
26/10/2026,seg,Instagram,18h30,Reels · CFOP em 20 segundos,instagram/26-10_reels_cfop_em_20_segundos
26/10/2026,seg,TikTok,07h30,Reforma em 30 segundos #6,tiktok/26-10_07h30_reforma_em_30_segundos_6
26/10/2026,seg,TikTok,12h15,Cliente diz vs contador entende #3,tiktok/26-10_12h15_cliente_diz_vs_contador_entende_3
26/10/2026,seg,TikTok,19h30,Um dia no escritório #4,tiktok/26-10_19h30_um_dia_no_escritorio_4
27/10/2026,ter,Instagram,12h,Carrossel · emitidas x destinadas,instagram/27-10_carrossel_emitidas_vs_destinadas
27/10/2026,ter,TikTok,07h30,Glossário relâmpago #4,tiktok/27-10_07h30_glossario_relampago_4
27/10/2026,ter,TikTok,12h15,POV #4,tiktok/27-10_12h15_pov_4
27/10/2026,ter,TikTok,19h30,Opinião / debate #2,tiktok/27-10_19h30_opiniao_debate_2
28/10/2026,qua,Instagram,12h,Reels · o XML mudou,instagram/28-10_reels_o_xml_mudou
28/10/2026,qua,TikTok,07h30,Departamento pessoal #2,tiktok/28-10_07h30_departamento_pessoal_2
28/10/2026,qua,TikTok,12h15,Série · Coisas que só... (pt. 7),tiktok/28-10_12h15_coisas_que_so_pt_7
28/10/2026,qua,TikTok,19h30,Respondendo comentários #3,tiktok/28-10_19h30_respondendo_comentarios_3
29/10/2026,qui,Instagram,12h,Carrossel · split payment,instagram/29-10_carrossel_split_payment
29/10/2026,qui,TikTok,07h30,Reforma em 30 segundos #7,tiktok/29-10_07h30_reforma_em_30_segundos_7
29/10/2026,qui,TikTok,12h15,Tipos de cliente #6,tiktok/29-10_12h15_tipos_de_cliente_6
29/10/2026,qui,TikTok,19h30,Bastidores do robô #5,tiktok/29-10_19h30_bastidores_do_robo_5
30/10/2026,sex,Instagram,8h,Estático · último dia útil,instagram/30-10_estatico_ultimo_dia_util
30/10/2026,sex,TikTok,07h30,Prazo da semana,tiktok/30-10_07h30_prazo_da_semana
30/10/2026,sex,TikTok,12h15,Sextou #2,tiktok/30-10_12h15_sextou_2
30/10/2026,sex,TikTok,19h30,Um dia no escritório #5,tiktok/30-10_19h30_um_dia_no_escritorio_5
31/10/2026,sáb,Instagram,10h,Reels · erro de eSocial,instagram/31-10_reels_erro_do_esocial
31/10/2026,sáb,TikTok,10h,Série · Coisas que só... (pt. 8) (carrossel de fotos),tiktok/31-10_10h_coisas_que_so_pt_8
31/10/2026,sáb,TikTok,15h,Trend #3,tiktok/31-10_15h_trend_3
31/10/2026,sáb,TikTok,20h,Bastidores do robô #6,tiktok/31-10_20h_bastidores_do_robo_6
01/11/2026,dom,Instagram,18h,Carrossel · novembro no escritório,instagram/01-11_carrossel_novembro_no_escritorio
01/11/2026,dom,TikTok,10h,Departamento pessoal #3 (carrossel de fotos),tiktok/01-11_10h_departamento_pessoal_3
01/11/2026,dom,TikTok,15h,Tipos de cliente #7,tiktok/01-11_15h_tipos_de_cliente_7
01/11/2026,dom,TikTok,20h,Domingo antes de novembro,tiktok/01-11_20h_domingo_antes_de_novembro
02/11/2026,seg,Instagram,10h,Estático · feriado de Finados,instagram/02-11_estatico_feriado_desconecta
02/11/2026,seg,TikTok,10h,Feriado de Finados,tiktok/02-11_10h_feriado_de_finados
02/11/2026,seg,TikTok,15h,Glossário relâmpago #5 (carrossel de fotos),tiktok/02-11_15h_glossario_relampago_5
02/11/2026,seg,TikTok,20h,Bastidores do robô #7,tiktok/02-11_20h_bastidores_do_robo_7
03/11/2026,ter,Instagram,12h,Reels · 3 perguntas sobre IBS/CBS,instagram/03-11_reels_3_perguntas_do_cliente
03/11/2026,ter,TikTok,07h30,Reforma em 30 segundos #8,tiktok/03-11_07h30_reforma_em_30_segundos_8
03/11/2026,ter,TikTok,12h15,Série · Coisas que só... (pt. 9),tiktok/03-11_12h15_coisas_que_so_pt_9
03/11/2026,ter,TikTok,19h30,Respondendo comentários #4,tiktok/03-11_19h30_respondendo_comentarios_4
04/11/2026,qua,Instagram,18h,Carrossel · férias coletivas,instagram/04-11_carrossel_ferias_coletivas
04/11/2026,qua,TikTok,07h30,Departamento pessoal #4,tiktok/04-11_07h30_departamento_pessoal_4
04/11/2026,qua,TikTok,12h15,Cliente diz vs contador entende #4,tiktok/04-11_12h15_cliente_diz_vs_contador_entende_4
04/11/2026,qua,TikTok,19h30,Um dia no escritório #6,tiktok/04-11_19h30_um_dia_no_escritorio_6
05/11/2026,qui,Instagram,12h,Carrossel · limite do Simples,instagram/05-11_carrossel_limite_do_simples
05/11/2026,qui,TikTok,07h30,Glossário relâmpago #6,tiktok/05-11_07h30_glossario_relampago_6
05/11/2026,qui,TikTok,12h15,POV #5,tiktok/05-11_12h15_pov_5
05/11/2026,qui,TikTok,19h30,Bastidores do robô #8,tiktok/05-11_19h30_bastidores_do_robo_8
06/11/2026,sex,Instagram,18h30,Reels · a reforma em 3 frases,instagram/06-11_reels_reforma_em_3_frases
06/11/2026,sex,TikTok,07h30,Reforma em 30 segundos #9,tiktok/06-11_07h30_reforma_em_30_segundos_9
06/11/2026,sex,TikTok,12h15,Tipos de cliente #8,tiktok/06-11_12h15_tipos_de_cliente_8
06/11/2026,sex,TikTok,19h30,Sextou #3,tiktok/06-11_19h30_sextou_3
07/11/2026,sáb,Instagram,10h,Carrossel · 3 hábitos,instagram/07-11_carrossel_3_habitos
07/11/2026,sáb,TikTok,10h,Série · Coisas que só... (pt. 10) (carrossel de fotos),tiktok/07-11_10h_coisas_que_so_pt_10
07/11/2026,sáb,TikTok,15h,Ferramentas que eu indicaria #4,tiktok/07-11_15h_ferramentas_que_eu_indicaria_4
07/11/2026,sáb,TikTok,20h,Trend #4,tiktok/07-11_20h_trend_4
08/11/2026,dom,Instagram,18h,Carrossel · 13º proporcional,instagram/08-11_carrossel_13_proporcional
08/11/2026,dom,TikTok,10h,Departamento pessoal #5,tiktok/08-11_10h_departamento_pessoal_5
08/11/2026,dom,TikTok,15h,Tipos de cliente (votação),tiktok/08-11_15h_tipos_de_cliente_votacao
08/11/2026,dom,TikTok,20h,Um dia no escritório #7 (balanço),tiktok/08-11_20h_um_dia_no_escritorio_7_balanco
