clip,adobe_stock_id,link,usado
h01,174082325,https://stock.adobe.com/br/174082325,sim
h02,410028326,https://stock.adobe.com/br/410028326,sim
h03,502503005,https://stock.adobe.com/br/502503005,sim
h04,403650381,https://stock.adobe.com/br/403650381,sim
h05,401457475,https://stock.adobe.com/br/401457475,sim
h06,518646499,https://stock.adobe.com/br/518646499,sim
h07,600913843,https://stock.adobe.com/br/600913843,sim
h08,542286798,https://stock.adobe.com/br/542286798,sim
h09,482069742,https://stock.adobe.com/br/482069742,sim
h10,542319406,https://stock.adobe.com/br/542319406,sim
h11,302655508,https://stock.adobe.com/br/302655508,sim
h12,476006454,https://stock.adobe.com/br/476006454,sim
h13,407660598,https://stock.adobe.com/br/407660598,sim
h14,600915277,https://stock.adobe.com/br/600915277,sim
h15,548265157,https://stock.adobe.com/br/548265157,sim
h16,298166757,https://stock.adobe.com/br/298166757,sim
h17,832885713,https://stock.adobe.com/br/832885713,sim
h18,506905323,https://stock.adobe.com/br/506905323,sim
h19,466336979,https://stock.adobe.com/br/466336979,não
h20,304366097,https://stock.adobe.com/br/304366097,sim
h21,586932753,https://stock.adobe.com/br/586932753,sim
h22,333116065,https://stock.adobe.com/br/333116065,sim
h23,420432782,https://stock.adobe.com/br/420432782,sim
h24,559727459,https://stock.adobe.com/br/559727459,sim
h25,512671009,https://stock.adobe.com/br/512671009,sim
h26,498167114,https://stock.adobe.com/br/498167114,sim
h27,278059320,https://stock.adobe.com/br/278059320,sim
h28,267130634,https://stock.adobe.com/br/267130634,sim
h29,484614316,https://stock.adobe.com/br/484614316,sim
h30,480254944,https://stock.adobe.com/br/480254944,não
h31,422185935,https://stock.adobe.com/br/422185935,sim
h32,396143721,https://stock.adobe.com/br/396143721,sim
h33,440109215,https://stock.adobe.com/br/440109215,sim
h34,389888194,https://stock.adobe.com/br/389888194,sim
h35,427420727,https://stock.adobe.com/br/427420727,sim
h37,1529723897,https://stock.adobe.com/br/1529723897,sim
h38,294906905,https://stock.adobe.com/br/294906905,sim
v02,610691917,https://stock.adobe.com/br/610691917,sim
v03,830450288,https://stock.adobe.com/br/830450288,sim
v04,718055129,https://stock.adobe.com/br/718055129,sim
v05,781200118,https://stock.adobe.com/br/781200118,sim
v06,1463320952,https://stock.adobe.com/br/1463320952,sim
v07,740481635,https://stock.adobe.com/br/740481635,sim
v08,784583110,https://stock.adobe.com/br/784583110,sim
v09,801353258,https://stock.adobe.com/br/801353258,sim
v10,826952447,https://stock.adobe.com/br/826952447,não
v11,727667017,https://stock.adobe.com/br/727667017,sim
v12,539414951,https://stock.adobe.com/br/539414951,sim
v13,774765811,https://stock.adobe.com/br/774765811,sim
v14,755642640,https://stock.adobe.com/br/755642640,sim
v15,769155684,https://stock.adobe.com/br/769155684,sim
v16,550308358,https://stock.adobe.com/br/550308358,sim
v17,721917131,https://stock.adobe.com/br/721917131,sim
v18,1232620500,https://stock.adobe.com/br/1232620500,sim
v19,783401158,https://stock.adobe.com/br/783401158,sim
v20,867147009,https://stock.adobe.com/br/867147009,sim
v21,2081863098,https://stock.adobe.com/br/2081863098,sim
